geo_address_key,street_1_norm,city_norm,state_norm,zip_norm,provider_count,address_variant_count,geocoding_source,geocoding_status,geocoding_match_count,geocoded_matched_address,provider_latitude,provider_longitude,geocoded_tiger_line_id,geocoded_side
# L-3539 | COLUMBUS | OH | 43260,# L-3539,COLUMBUS,OH,43260,1,1,Census_Geocoder_Second_Pass,unmatched,0,,,,,
000 UNIVERSITY DRIVE C | PITTSBURGH | PA | 15240,000 UNIVERSITY DRIVE C,PITTSBURGH,PA,15240,1,1,Census_Geocoder_Second_Pass,unmatched,0,,,,,
0610 TERRAPIN TRAIL | COLLEGE PARK | MD | 20741,0610 TERRAPIN TRAIL,COLLEGE PARK,MD,20741,1,1,Census_Geocoder_Second_Pass,unmatched,0,,,,,
1 AMERICAN SQ | INDIANAPOLIS | IN | 46282,1 AMERICAN SQ,INDIANAPOLIS,IN,46282,1,1,Census_Geocoder_Second_Pass,unmatched,0,,,,,
1 AMERICAN SQ STE 185 | INDIANAPOLIS | IN | 46282,1 AMERICAN SQ STE 185,INDIANAPOLIS,IN,46282,1,1,Census_Geocoder_Second_Pass,unmatched,0,,,,,
1 AYERS CIRCLE | PORTSMOUTH | NH | 03804,1 AYERS CIRCLE,PORTSMOUTH,NH,03804,1,1,Census_Geocoder_Second_Pass,unmatched,0,,,,,
1 AYRES CIRCLE | PORTSMOUTH | NH | 03804,1 AYRES CIRCLE,PORTSMOUTH,NH,03804,1,1,Census_Geocoder_Second_Pass,unmatched,0,,,,,
1 ELIZABETH PL | DAYTON | OH | 45408,1 ELIZABETH PL,DAYTON,OH,45408,2,2,Census_Geocoder_Second_Pass,unmatched,0,,,,,
1 ELIZABETH PLACE | DAYTON | OH | 45408,1 ELIZABETH PLACE,DAYTON,OH,45408,2,2,Census_Geocoder_Second_Pass,unmatched,0,,,,,
1 FLETCHER DR | GAINESVILLE | FL | 32611,1 FLETCHER DR,GAINESVILLE,FL,32611,9,5,Census_Geocoder_Second_Pass,unmatched,0,,,,,
1 FLETCHER DRIVE | GAINESVILLE | FL | 32611,1 FLETCHER DRIVE,GAINESVILLE,FL,32611,7,5,Census_Geocoder_Second_Pass,unmatched,0,,,,,
1 MEDICAL DR | LEBANON | NH | 03756,1 MEDICAL DR,LEBANON,NH,03756,3,1,Census_Geocoder_Second_Pass,unmatched,0,,,,,
1 ROBERT WOOD JOHNSON PL | NEW BRUNSWICK | NJ | 08903,1 ROBERT WOOD JOHNSON PL,NEW BRUNSWICK,NJ,08903,1,1,Census_Geocoder_Second_Pass,unmatched,0,,,,,
1 SOUTH MAIN C/O GENESIS COUNSELING SERVICES | JANESVILLE | WI | 53547,1 SOUTH MAIN C/O GENESIS COUNSELING SERVICES,JANESVILLE,WI,53547,1,1,Census_Geocoder_Second_Pass,unmatched,0,,,,,
1 UNIVERSITY OF NEW MEXICO | ALBUQUERQUE | NM | 87131,1 UNIVERSITY OF NEW MEXICO,ALBUQUERQUE,NM,87131,10,9,Census_Geocoder_Second_Pass,unmatched,0,,,,,
1 UNIVERSITY OF NEW MEXICO DEPT OF | ALBUQUERQUE | NM | 87131,1 UNIVERSITY OF NEW MEXICO DEPT OF,ALBUQUERQUE,NM,87131,1,1,Census_Geocoder_Second_Pass,unmatched,0,,,,,
100 BREWSTER BLVD | CAMP LEJEUNE | NC | 28548,100 BREWSTER BLVD,CAMP LEJEUNE,NC,28548,1,1,Census_Geocoder_Second_Pass,unmatched,0,,,,,
100 MADISON AVE | MORRISTOWN | NJ | 07962,100 MADISON AVE,MORRISTOWN,NJ,07962,1,1,Census_Geocoder_Second_Pass,unmatched,0,,,,,
100 PAGE RD | ROBINS AIR FORCE BASE | GA | 30098,100 PAGE RD,ROBINS AIR FORCE BASE,GA,30098,1,1,Census_Geocoder_Second_Pass,unmatched,0,,,,,
100 TILBURY DR | KEARNY | AZ | 85237,100 TILBURY DR,KEARNY,AZ,85237,2,1,Census_Geocoder_Second_Pass,unmatched,0,,,,,
1000 | NOWHERE | CA | 94016,1000,NOWHERE,CA,94016,1,1,Census_Geocoder_Second_Pass,unmatched,0,,,,,
1000 E UNIVERSITY AVE | LARAMIE | WY | 82071,1000 E UNIVERSITY AVE,LARAMIE,WY,82071,7,5,Census_Geocoder_Second_Pass,unmatched,0,,,,,
1000 E UNIVERSITY AVE # 3068 | LARAMIE | WY | 82071,1000 E UNIVERSITY AVE # 3068,LARAMIE,WY,82071,1,1,Census_Geocoder_Second_Pass,unmatched,0,,,,,
1000 E UNIVERSITY AVE DEPT 3195 | LARAMIE | WY | 82071,1000 E UNIVERSITY AVE DEPT 3195,LARAMIE,WY,82071,1,1,Census_Geocoder_Second_Pass,unmatched,0,,,,,
1000 N VILLAGE AVENUE | ROCKVILLE CENTRE | NY | 11571,1000 N VILLAGE AVENUE,ROCKVILLE CENTRE,NY,11571,6,1,Census_Geocoder_Second_Pass,unmatched,0,,,,,
1000 TRENT DR | DURHAM | NC | 27710,1000 TRENT DR,DURHAM,NC,27710,2,1,Census_Geocoder_Second_Pass,unmatched,0,,,,,
1000 TRENT DRIVE | DURHAM | NC | 27710,1000 TRENT DRIVE,DURHAM,NC,27710,2,1,Census_Geocoder_Second_Pass,unmatched,0,,,,,
101 S NEWELL DRIVE | GAINESVILLE | FL | 32611,101 S NEWELL DRIVE,GAINESVILLE,FL,32611,5,2,Census_Geocoder_Second_Pass,unmatched,0,,,,,
1035 NIDER BLVD | NORFOLK | VA | 23521,1035 NIDER BLVD,NORFOLK,VA,23521,9,3,Census_Geocoder_Second_Pass,unmatched,0,,,,,
1040 DELAWARE AVENEUE | MARION | OH | 43301,1040 DELAWARE AVENEUE,MARION,OH,43301,2,1,Census_Geocoder_Second_Pass,unmatched,0,,,,,
11 MEDICAL GROUP | BOLLING AFB | DC | 20332,11 MEDICAL GROUP,BOLLING AFB,DC,20332,1,1,Census_Geocoder_Second_Pass,unmatched,0,,,,,
11 ZACHARY TAYLOR ST | CASTLE POINT | NY | 12511,11 ZACHARY TAYLOR ST,CASTLE POINT,NY,12511,1,1,Census_Geocoder_Second_Pass,unmatched,0,,,,,
1110 MEDICAL CAMPUS RD | HAGERSTOWN | MD | 21712,1110 MEDICAL CAMPUS RD,HAGERSTOWN,MD,21712,1,1,Census_Geocoder_Second_Pass,unmatched,0,,,,,
1115 W HAR-BER ROAD | GROVE | OK | 74345,1115 W HAR-BER ROAD,GROVE,OK,74345,1,1,Census_Geocoder_Second_Pass,unmatched,0,,,,,
111F HUNTER HOLMES MCGUIRE MEDICAL CTR | RICHMOND | VA | 23249,111F HUNTER HOLMES MCGUIRE MEDICAL CTR,RICHMOND,VA,23249,1,1,Census_Geocoder_Second_Pass,unmatched,0,,,,,
11301 WILSHIRE BLVD | LOS ANGELES | CA | 90074,11301 WILSHIRE BLVD,LOS ANGELES,CA,90074,1,1,Census_Geocoder_Second_Pass,unmatched,0,,,,,
1141 BEACH DR E | RETSIL | WA | 98378,1141 BEACH DR E,RETSIL,WA,98378,4,1,Census_Geocoder_Second_Pass,unmatched,0,,,,,
1141 BEACH DRIVE EAST | RETSIL | WA | 98378,1141 BEACH DRIVE EAST,RETSIL,WA,98378,1,1,Census_Geocoder_Second_Pass,unmatched,0,,,,,
1175 EAST MOUTAIN BLVD | WILKES BARRE | PA | 18711,1175 EAST MOUTAIN BLVD,WILKES BARRE,PA,18711,1,1,Census_Geocoder_Second_Pass,unmatched,0,,,,,
1175 HART ST | YUMA | AZ | 85369,1175 HART ST,YUMA,AZ,85369,1,1,Census_Geocoder_Second_Pass,unmatched,0,,,,,
120 BRAEMAR COURT | SOUTHERN PINES | NC | 28388,120 BRAEMAR COURT,SOUTHERN PINES,NC,28388,1,1,Census_Geocoder_Second_Pass,unmatched,0,,,,,
1200 7TH AVE NORTH | ST PETERSBURG | FL | 33734,1200 7TH AVE NORTH,ST PETERSBURG,FL,33734,1,1,Census_Geocoder_Second_Pass,unmatched,0,,,,,
1200 SW 8TH STREET | MIAMI | FL | 33199,1200 SW 8TH STREET,MIAMI,FL,33199,1,1,Census_Geocoder_Second_Pass,unmatched,0,,,,,
1201 BROAD ROCK BLVD | RICHMOND | VA | 23249,1201 BROAD ROCK BLVD,RICHMOND,VA,23249,34,16,Census_Geocoder_Second_Pass,unmatched,0,,,,,
1201 BROAD ROCK BVLD | RICHMOND | VA | 23249,1201 BROAD ROCK BVLD,RICHMOND,VA,23249,1,1,Census_Geocoder_Second_Pass,unmatched,0,,,,,
12080 LB LINDBECK ROAD | RADIUM SPRINGS | NM | 88054,12080 LB LINDBECK ROAD,RADIUM SPRINGS,NM,88054,1,1,Census_Geocoder_Second_Pass,unmatched,0,,,,,
123 17TH STREET BRIGHAM BUILDING | RENO | NV | 89577,123 17TH STREET BRIGHAM BUILDING,RENO,NV,89577,1,1,Census_Geocoder_Second_Pass,unmatched,0,,,,,
127 E SPRAGINS HALL | HUNTSVILLE | AL | 35899,127 E SPRAGINS HALL,HUNTSVILLE,AL,35899,1,1,Census_Geocoder_Second_Pass,unmatched,0,,,,,
12716 NE 36TH ST | OKLAHOMA CITY | OK | 73140,12716 NE 36TH ST,OKLAHOMA CITY,OK,73140,2,1,Census_Geocoder_Second_Pass,unmatched,0,,,,,
1288 VALLEY FORGE ROAD | VALLEY FORGE | PA | 19482,1288 VALLEY FORGE ROAD,VALLEY FORGE,PA,19482,1,1,Census_Geocoder_Second_Pass,unmatched,0,,,,,
1345 HIGHWAY 268 | PATTERSON | NC | 28661,1345 HIGHWAY 268,PATTERSON,NC,28661,1,1,Census_Geocoder_Second_Pass,unmatched,0,,,,,
1357 KINGS HIGHWAY | SUGAR LOAF | NY | 10981,1357 KINGS HIGHWAY,SUGAR LOAF,NY,10981,1,1,Census_Geocoder_Second_Pass,unmatched,0,,,,,
1405 COWART STREET | CHARLOTTE | TN | 28219,1405 COWART STREET,CHARLOTTE,TN,28219,1,1,Census_Geocoder_Second_Pass,unmatched,0,,,,,
1407 WHISENANT DR | DUNCAN | OK | 75533,1407 WHISENANT DR,DUNCAN,OK,75533,1,1,Census_Geocoder_Second_Pass,unmatched,0,,,,,
145 APPLECROSS ROAD | SOUTHERN PINES | NC | 28388,145 APPLECROSS ROAD,SOUTHERN PINES,NC,28388,1,1,Census_Geocoder_Second_Pass,unmatched,0,,,,,
156 MISSOURI BLVD | LAURIE | MO | 65038,156 MISSOURI BLVD,LAURIE,MO,65038,1,1,Census_Geocoder_Second_Pass,unmatched,0,,,,,
159 TROUT AVE | GROTON | CT | 06349,159 TROUT AVE,GROTON,CT,06349,1,1,Census_Geocoder_Second_Pass,unmatched,0,,,,,
17 SUNSET DRIVE | WINNISQUAM | NH | 03289,17 SUNSET DRIVE,WINNISQUAM,NH,03289,1,1,Census_Geocoder_Second_Pass,unmatched,0,,,,,
1750 EL CAMINO REAL | BURLINGAME | CA | 94101,1750 EL CAMINO REAL,BURLINGAME,CA,94101,1,1,Census_Geocoder_Second_Pass,unmatched,0,,,,,
17920 NORTH MAIN ST | ELGIN | PA | 16413,17920 NORTH MAIN ST,ELGIN,PA,16413,1,1,Census_Geocoder_Second_Pass,unmatched,0,,,,,
1825 4TH ST | SAN FRANCISCO | CA | 94143,1825 4TH ST,SAN FRANCISCO,CA,94143,1,1,Census_Geocoder_Second_Pass,unmatched,0,,,,,
1825 4TH ST FL 3 | SAN FRANCISCO | CA | 94143,1825 4TH ST FL 3,SAN FRANCISCO,CA,94143,1,1,Census_Geocoder_Second_Pass,unmatched,0,,,,,
1825 4TH ST FL 4 | SAN FRANCISCO | CA | 94143,1825 4TH ST FL 4,SAN FRANCISCO,CA,94143,1,1,Census_Geocoder_Second_Pass,unmatched,0,,,,,
1825 4TH ST RM L3185 | SAN FRANCISCO | CA | 94143,1825 4TH ST RM L3185,SAN FRANCISCO,CA,94143,1,1,Census_Geocoder_Second_Pass,unmatched,0,,,,,
18424 S HWY 28 | SAN MIGUEL | NM | 88058,18424 S HWY 28,SAN MIGUEL,NM,88058,1,1,Census_Geocoder_Second_Pass,unmatched,0,,,,,
1FLETCHER DR | GAINESVILLE | FL | 32611,1FLETCHER DR,GAINESVILLE,FL,32611,1,1,Census_Geocoder_Second_Pass,unmatched,0,,,,,
2 ND FLOOR BLDG 9900 | TACOMA | WA | 98431,2 ND FLOOR BLDG 9900,TACOMA,WA,98431,1,1,Census_Geocoder_Second_Pass,unmatched,0,,,,,
20 DUKE MEDICINE CIR | DURHAM | NC | 27710,20 DUKE MEDICINE CIR,DURHAM,NC,27710,1,1,Census_Geocoder_Second_Pass,unmatched,0,,,,,
20 DUKE MEDICINE CIRCLE | DURHAM | NC | 27710,20 DUKE MEDICINE CIRCLE,DURHAM,NC,27710,1,1,Census_Geocoder_Second_Pass,unmatched,0,,,,,
201 INDEPENDENCE | COLUMBUS | MS | 39710,201 INDEPENDENCE,COLUMBUS,MS,39710,3,3,Census_Geocoder_Second_Pass,unmatched,0,,,,,
201 INDEPENDENCE DR | COLUMBUS AFB | MS | 39710,201 INDEPENDENCE DR,COLUMBUS AFB,MS,39710,1,1,Census_Geocoder_Second_Pass,unmatched,0,,,,,
2020 FITTH STREET | DAVIS | CA | 95617,2020 FITTH STREET,DAVIS,CA,95617,1,1,Census_Geocoder_Second_Pass,unmatched,0,,,,,
2041 GEORGIA NWAVE 1700 | WASHINGTON | DC | 20060,2041 GEORGIA NWAVE 1700,WASHINGTON,DC,20060,1,1,Census_Geocoder_Second_Pass,unmatched,0,,,,,
205 HORTON | NORMAL | IL | 61790,205 HORTON,NORMAL,IL,61790,1,1,Census_Geocoder_Second_Pass,unmatched,0,,,,,
208 HORTON | NORMAL | IL | 61790,208 HORTON,NORMAL,IL,61790,1,1,Census_Geocoder_Second_Pass,unmatched,0,,,,,
2140 STADIUM RD STE 1001 | GAINESVILLE | FL | 32611,2140 STADIUM RD STE 1001,GAINESVILLE,FL,32611,1,1,Census_Geocoder_Second_Pass,unmatched,0,,,,,
2150 STADIUM DRIVE | BOULDER | CO | 80309,2150 STADIUM DRIVE,BOULDER,CO,80309,1,1,Census_Geocoder_Second_Pass,unmatched,0,,,,,
225 VON KARMAN ROAD | ARNOLD AIR FORCE BASE | TN | 37389,225 VON KARMAN ROAD,ARNOLD AIR FORCE BASE,TN,37389,1,1,Census_Geocoder_Second_Pass,unmatched,0,,,,,
2330 PAYSPHERE CIR | CHICAGO | IL | 60674,2330 PAYSPHERE CIR,CHICAGO,IL,60674,2,1,Census_Geocoder_Second_Pass,unmatched,0,,,,,
2361 PAYSPHERE CIR | CHICAGO | IL | 60674,2361 PAYSPHERE CIR,CHICAGO,IL,60674,8,1,Census_Geocoder_Second_Pass,unmatched,0,,,,,
2361 PAYSPHERE CIRCLE | CHICAGO | IL | 60674,2361 PAYSPHERE CIRCLE,CHICAGO,IL,60674,6,1,Census_Geocoder_Second_Pass,unmatched,0,,,,,
238 BROOKLEY AVE | BOLLING AFB | DC | 20332,238 BROOKLEY AVE,BOLLING AFB,DC,20332,3,1,Census_Geocoder_Second_Pass,unmatched,0,,,,,
238 BROOKLEY AVE | WASHINGTON | DC | 20338,238 BROOKLEY AVE,WASHINGTON,DC,20338,1,1,Census_Geocoder_Second_Pass,unmatched,0,,,,,
2401 E STREET M/MED/DMD/QM SA-1 | WASHINGTON | DC | 20522,2401 E STREET M/MED/DMD/QM SA-1,WASHINGTON,DC,20522,1,1,Census_Geocoder_Second_Pass,unmatched,0,,,,,
2406 CENTURY PLACE | HICKORY | NC | 28603,2406 CENTURY PLACE,HICKORY,NC,28603,1,1,Census_Geocoder_Second_Pass,unmatched,0,,,,,
2441 21ST STREET | FORT CAMPBELL | KY | 42222,2441 21ST STREET,FORT CAMPBELL,KY,42222,1,1,Census_Geocoder_Second_Pass,unmatched,0,,,,,
2495 SHREVEPORT HIGHWAY | ALEXANDRIA | LA | 71306,2495 SHREVEPORT HIGHWAY,ALEXANDRIA,LA,71306,1,1,Census_Geocoder_Second_Pass,unmatched,0,,,,,
250 ARSENAL ST | AUGUSTA | ME | 04333,250 ARSENAL ST,AUGUSTA,ME,04333,4,2,Census_Geocoder_Second_Pass,unmatched,0,,,,,
250 ARSENAL STREET | AUGUSTA | ME | 04333,250 ARSENAL STREET,AUGUSTA,ME,04333,2,1,Census_Geocoder_Second_Pass,unmatched,0,,,,,
2505 S I35-WEST | BURLESON | TX | 76097,2505 S I35-WEST,BURLESON,TX,76097,1,1,Census_Geocoder_Second_Pass,unmatched,0,,,,,
2506 WILDWOOD ROAD | WILDWOOD | PA | 15091,2506 WILDWOOD ROAD,WILDWOOD,PA,15091,1,1,Census_Geocoder_Second_Pass,unmatched,0,,,,,
253 BARKLEY MEMORIAL CENTEER | LINCOLN | NE | 68583,253 BARKLEY MEMORIAL CENTEER,LINCOLN,NE,68583,1,1,Census_Geocoder_Second_Pass,unmatched,0,,,,,
253 BARKLEY MEMORIAL CENTER | LINCOLN | NE | 68583,253 BARKLEY MEMORIAL CENTER,LINCOLN,NE,68583,5,1,Census_Geocoder_Second_Pass,unmatched,0,,,,,
254 RT 202-206 NORTH | PLUCKEMIN | NJ | 07978,254 RT 202-206 NORTH,PLUCKEMIN,NJ,07978,1,1,Census_Geocoder_Second_Pass,unmatched,0,,,,,
2540 NTH GALLOWAY AVE | MESQUITE | TX | 75151,2540 NTH GALLOWAY AVE,MESQUITE,TX,75151,1,1,Census_Geocoder_Second_Pass,unmatched,0,,,,,
2549 MOMENTUM PL | CHICAGO | IL | 60689,2549 MOMENTUM PL,CHICAGO,IL,60689,1,1,Census_Geocoder_Second_Pass,unmatched,0,,,,,
2555 JIMMY JOHNSON BLVD | PORT ARTHUR | TX | 77643,2555 JIMMY JOHNSON BLVD,PORT ARTHUR,TX,77643,4,1,Census_Geocoder_Second_Pass,unmatched,0,,,,,
2600 KIMBALL AVE | MANHATTAN | KS | 66505,2600 KIMBALL AVE,MANHATTAN,KS,66505,1,1,Census_Geocoder_Second_Pass,unmatched,0,,,,,
263 FARMINGTON AVE | FARMINGTON | CT | 06030,263 FARMINGTON AVE,FARMINGTON,CT,06030,157,34,Census_Geocoder_Second_Pass,unmatched,0,,,,,
263 FARMINGTON AVE | FARMINGTON | CT | 06034,263 FARMINGTON AVE,FARMINGTON,CT,06034,1,1,Census_Geocoder_Second_Pass,unmatched,0,,,,,
263 FARMINGTON AVENUE | FARMINGTON | CT | 06030,263 FARMINGTON AVENUE,FARMINGTON,CT,06030,1,1,Census_Geocoder_Second_Pass,unmatched,0,,,,,
277 POST RD | MOODY | ME | 04054,277 POST RD,MOODY,ME,04054,1,1,Census_Geocoder_Second_Pass,unmatched,0,,,,,
280 STAFFORD ROAD | BARSTOW | MD | 20610,280 STAFFORD ROAD,BARSTOW,MD,20610,1,1,Census_Geocoder_Second_Pass,unmatched,0,,,,,
2800 SOUTH HIGHWAY 114 | TROPHY CLUB | TX | 76726,2800 SOUTH HIGHWAY 114,TROPHY CLUB,TX,76726,1,1,Census_Geocoder_Second_Pass,unmatched,0,,,,,
2ND AMBULATORY CARE CTR | ALBUQUERQUE | NM | 87131,2ND AMBULATORY CARE CTR,ALBUQUERQUE,NM,87131,1,1,Census_Geocoder_Second_Pass,unmatched,0,,,,,
3 MT AUBURN ST | WATERTOWN | MA | 02172,3 MT AUBURN ST,WATERTOWN,MA,02172,1,1,Census_Geocoder_Second_Pass,unmatched,0,,,,,
30 DUKE MEDICINE CIR | DURHAM | NC | 27710,30 DUKE MEDICINE CIR,DURHAM,NC,27710,1,1,Census_Geocoder_Second_Pass,unmatched,0,,,,,
3009 NORTH NEW BALLAS ROAD STE 226A | SAINT LOUIS | MO | 63195,3009 NORTH NEW BALLAS ROAD STE 226A,SAINT LOUIS,MO,63195,1,1,Census_Geocoder_Second_Pass,unmatched,0,,,,,
301 ANDREWS AVENUE | FORT RUCKER | AL | 36363,301 ANDREWS AVENUE,FORT RUCKER,AL,36363,1,1,Census_Geocoder_Second_Pass,unmatched,0,,,,,
302 NEWMARKET ST | NEWINGTON | NH | 03803,302 NEWMARKET ST,NEWINGTON,NH,03803,1,1,Census_Geocoder_Second_Pass,unmatched,0,,,,,
302 NEWMARKET ST BLDG 255 | PORTSMOUTH | NH | 03803,302 NEWMARKET ST BLDG 255,PORTSMOUTH,NH,03803,1,1,Census_Geocoder_Second_Pass,unmatched,0,,,,,
311 CARTON AVE | COLOGNE | NJ | 08213,311 CARTON AVE,COLOGNE,NJ,08213,1,1,Census_Geocoder_Second_Pass,unmatched,0,,,,,
316 DYER HALL | CINCINNATI | OH | 45221,316 DYER HALL,CINCINNATI,OH,45221,1,1,Census_Geocoder_Second_Pass,unmatched,0,,,,,
3187 SOLUTIONS CTR | CHICAGO | IL | 60677,3187 SOLUTIONS CTR,CHICAGO,IL,60677,1,1,Census_Geocoder_Second_Pass,unmatched,0,,,,,
325 STAFFORD ROAD | BARSTOW | MD | 20610,325 STAFFORD ROAD,BARSTOW,MD,20610,1,1,Census_Geocoder_Second_Pass,unmatched,0,,,,,
3300 NORTH RUNNING CREEK WAY | LEHI | UT | 84303,3300 NORTH RUNNING CREEK WAY,LEHI,UT,84303,1,1,Census_Geocoder_Second_Pass,unmatched,0,,,,,
336 VICTORIA BUILDING | PITTSBURGH | PA | 15261,336 VICTORIA BUILDING,PITTSBURGH,PA,15261,1,1,Census_Geocoder_Second_Pass,unmatched,0,,,,,
340 N MIDDLETOWN RD | LIMA | PA | 19037,340 N MIDDLETOWN RD,LIMA,PA,19037,1,1,Census_Geocoder_Second_Pass,unmatched,0,,,,,
341 GRUNNION AVE | GROTON | CT | 06349,341 GRUNNION AVE,GROTON,CT,06349,2,1,Census_Geocoder_Second_Pass,unmatched,0,,,,,
341 GRUNNION AVENUE | GROTON | CT | 06349,341 GRUNNION AVENUE,GROTON,CT,06349,1,1,Census_Geocoder_Second_Pass,unmatched,0,,,,,
3565 MOMENTUM PL | CHICAGO | IL | 60689,3565 MOMENTUM PL,CHICAGO,IL,60689,1,1,Census_Geocoder_Second_Pass,unmatched,0,,,,,
35TH MEDICAL GROUP | APO | WA | 96319,35TH MEDICAL GROUP,APO,WA,96319,1,1,Census_Geocoder_Second_Pass,unmatched,0,,,,,
36 LIVELY OAKS RD | LIVELY | VA | 22507,36 LIVELY OAKS RD,LIVELY,VA,22507,1,1,Census_Geocoder_Second_Pass,unmatched,0,,,,,
36 LIVELY OAKS ROAD | LIVELY | VA | 22507,36 LIVELY OAKS ROAD,LIVELY,VA,22507,1,1,Census_Geocoder_Second_Pass,unmatched,0,,,,,
3644 VALLEY RD | LIBERTY CORNER | NJ | 07938,3644 VALLEY RD,LIBERTY CORNER,NJ,07938,1,1,Census_Geocoder_Second_Pass,unmatched,0,,,,,
40 DUKE MEDICINE CIR | DURHAM | NC | 27710,40 DUKE MEDICINE CIR,DURHAM,NC,27710,11,2,Census_Geocoder_Second_Pass,unmatched,0,,,,,
40 DUKE MEDICINE CIR # 2N | DURHAM | NC | 27710,40 DUKE MEDICINE CIR # 2N,DURHAM,NC,27710,1,1,Census_Geocoder_Second_Pass,unmatched,0,,,,,
40 DUKE MEDICINE CIR # 3913 | DURHAM | NC | 27710,40 DUKE MEDICINE CIR # 3913,DURHAM,NC,27710,1,1,Census_Geocoder_Second_Pass,unmatched,0,,,,,
40 DUKE MEDICINE CIR # 3K | DURHAM | NC | 27710,40 DUKE MEDICINE CIR # 3K,DURHAM,NC,27710,1,1,Census_Geocoder_Second_Pass,unmatched,0,,,,,
40 MEDICINE CIRCLE | DURHAM | NC | 27710,40 MEDICINE CIRCLE,DURHAM,NC,27710,1,1,Census_Geocoder_Second_Pass,unmatched,0,,,,,
400 A PRESTIGE PARK | TEAYS VALLEY | WV | 25569,400 A PRESTIGE PARK,TEAYS VALLEY,WV,25569,1,1,Census_Geocoder_Second_Pass,unmatched,0,,,,,
400 RUSSELL AVE | NEW ORLEANS | LA | 70143,400 RUSSELL AVE,NEW ORLEANS,LA,70143,2,1,Census_Geocoder_Second_Pass,unmatched,0,,,,,
400 UNIVERSITY HALL DRIVE | BOONE | NC | 28608,400 UNIVERSITY HALL DRIVE,BOONE,NC,28608,2,1,Census_Geocoder_Second_Pass,unmatched,0,,,,,
4000 WELLNESS DR | MIDLAND | MI | 48670,4000 WELLNESS DR,MIDLAND,MI,48670,6,1,Census_Geocoder_Second_Pass,unmatched,0,,,,,
402 GOODRICH AVE | PORTSMOUTH | NH | 03804,402 GOODRICH AVE,PORTSMOUTH,NH,03804,1,1,Census_Geocoder_Second_Pass,unmatched,0,,,,,
4075 E CAMPUS LOOP S | LINCOLN | NE | 68583,4075 E CAMPUS LOOP S,LINCOLN,NE,68583,1,1,Census_Geocoder_Second_Pass,unmatched,0,,,,,
41 MALL RD LAHEY CLINIC | BURLINGTON | MA | 01805,41 MALL RD LAHEY CLINIC,BURLINGTON,MA,01805,1,1,Census_Geocoder_Second_Pass,unmatched,0,,,,,
41 MALL ROAD | BURLINGTON | MA | 01805,41 MALL ROAD,BURLINGTON,MA,01805,2,2,Census_Geocoder_Second_Pass,unmatched,0,,,,,
4100 GOSS RD | REDSTONE ARSENAL | AL | 35809,4100 GOSS RD,REDSTONE ARSENAL,AL,35809,1,1,Census_Geocoder_Second_Pass,unmatched,0,,,,,
4201 CAMPUS RIDGE DR | MIDLAND | MI | 48670,4201 CAMPUS RIDGE DR,MIDLAND,MI,48670,1,1,Census_Geocoder_Second_Pass,unmatched,0,,,,,
4225 LAPALCO BLVD | MARRERO | LA | 70073,4225 LAPALCO BLVD,MARRERO,LA,70073,2,1,Census_Geocoder_Second_Pass,unmatched,0,,,,,
4295 POINT PLEASANT PIKE | DANBORO | PA | 18916,4295 POINT PLEASANT PIKE,DANBORO,PA,18916,1,1,Census_Geocoder_Second_Pass,unmatched,0,,,,,
4300 PERIMETER RD | MALMSTROM AFB | MT | 59402,4300 PERIMETER RD,MALMSTROM AFB,MT,59402,1,1,Census_Geocoder_Second_Pass,unmatched,0,,,,,
4301 GREATHOUSE SPRINGS RD SUITE # RAD ROOM 1064 | JOHNSON | AR | 72741,4301 GREATHOUSE SPRINGS RD SUITE # RAD ROOM 1064,JOHNSON,AR,72741,1,1,Census_Geocoder_Second_Pass,unmatched,0,,,,,
435 DAUER HALL | GAINESVILLE | FL | 32611,435 DAUER HALL,GAINESVILLE,FL,32611,1,1,Census_Geocoder_Second_Pass,unmatched,0,,,,,
455 OVERLOOK AVESW | WASHINGTON | DC | 20375,455 OVERLOOK AVESW,WASHINGTON,DC,20375,1,1,Census_Geocoder_Second_Pass,unmatched,0,,,,,
455 SOUTH STADIUM HALL | KNOXVILLE | TN | 37996,455 SOUTH STADIUM HALL,KNOXVILLE,TN,37996,6,1,Census_Geocoder_Second_Pass,unmatched,0,,,,,
4602 DEPT | CAROL STREAM | IL | 60122,4602 DEPT,CAROL STREAM,IL,60122,1,1,Census_Geocoder_Second_Pass,unmatched,0,,,,,
46169 JESSIE BROOK TRL | BOWSTRING | MN | 56631,46169 JESSIE BROOK TRL,BOWSTRING,MN,56631,1,1,Census_Geocoder_Second_Pass,unmatched,0,,,,,
468 74TH ST N | GREAT FALLS | MT | 59402,468 74TH ST N,GREAT FALLS,MT,59402,1,1,Census_Geocoder_Second_Pass,unmatched,0,,,,,
47 OLD TEMPLE HILL ROAD | VAILS GATE | NY | 12584,47 OLD TEMPLE HILL ROAD,VAILS GATE,NY,12584,1,1,Census_Geocoder_Second_Pass,unmatched,0,,,,,
483 W SEED FARM RD | SACATON | AZ | 85247,483 W SEED FARM RD,SACATON,AZ,85247,9,1,Census_Geocoder_Second_Pass,unmatched,0,,,,,
4959 KIDRON RD | KIDRON | OH | 44636,4959 KIDRON RD,KIDRON,OH,44636,2,1,Census_Geocoder_Second_Pass,unmatched,0,,,,,
500 VETERANS WAY | TEMPE | AZ | 85287,500 VETERANS WAY,TEMPE,AZ,85287,1,1,Census_Geocoder_Second_Pass,unmatched,0,,,,,
501 W 14TH ST | WILMINGTON | DE | 19899,501 W 14TH ST,WILMINGTON,DE,19899,1,1,Census_Geocoder_Second_Pass,unmatched,0,,,,,
501 W 14TH STREET | WILMINGTON | DE | 19899,501 W 14TH STREET,WILMINGTON,DE,19899,1,1,Census_Geocoder_Second_Pass,unmatched,0,,,,,
5107 HUTSON RD | COLLINSVILLE | OH | 45004,5107 HUTSON RD,COLLINSVILLE,OH,45004,1,1,Census_Geocoder_Second_Pass,unmatched,0,,,,,
513 PARNASSUS AVE | SAN FRANCISCO | CA | 94143,513 PARNASSUS AVE,SAN FRANCISCO,CA,94143,5,1,Census_Geocoder_Second_Pass,unmatched,0,,,,,
513 PARNASSUS AVE RM S-672 | SAN FRANCISCO | CA | 94143,513 PARNASSUS AVE RM S-672,SAN FRANCISCO,CA,94143,1,1,Census_Geocoder_Second_Pass,unmatched,0,,,,,
5265 S BUSINESS 71 | PINEVILLE | MO | 65865,5265 S BUSINESS 71,PINEVILLE,MO,65865,1,1,Census_Geocoder_Second_Pass,unmatched,0,,,,,
53 SPRING MOUNT RD | SPRING MOUNT | PA | 19478,53 SPRING MOUNT RD,SPRING MOUNT,PA,19478,1,1,Census_Geocoder_Second_Pass,unmatched,0,,,,,
5301 EAST HURON RIVER DRIVE | YPSILANTI | MI | 48106,5301 EAST HURON RIVER DRIVE,YPSILANTI,MI,48106,1,1,Census_Geocoder_Second_Pass,unmatched,0,,,,,
535 MISSION BAY BLVD S | SAN FRANCISCO | CA | 94143,535 MISSION BAY BLVD S,SAN FRANCISCO,CA,94143,2,1,Census_Geocoder_Second_Pass,unmatched,0,,,,,
535 MISSION BAY BLVD SOUTH | SAN FRANCISCO | CA | 94143,535 MISSION BAY BLVD SOUTH,SAN FRANCISCO,CA,94143,1,1,Census_Geocoder_Second_Pass,unmatched,0,,,,,
555 MISSION BAY BLVD S # 452K | SAN FRANCISCO | CA | 94143,555 MISSION BAY BLVD S # 452K,SAN FRANCISCO,CA,94143,1,1,Census_Geocoder_Second_Pass,unmatched,0,,,,,
555 MISSION BAY BLVD SOUTH | SAN FRANCISCO | CA | 94143,555 MISSION BAY BLVD SOUTH,SAN FRANCISCO,CA,94143,1,1,Census_Geocoder_Second_Pass,unmatched,0,,,,,
5801 DEFENSE PENTAGON | WASHINGTON | DC | 20310,5801 DEFENSE PENTAGON,WASHINGTON,DC,20310,1,1,Census_Geocoder_Second_Pass,unmatched,0,,,,,
5812 YORK RD | LAHASKA | PA | 18931,5812 YORK RD,LAHASKA,PA,18931,1,1,Census_Geocoder_Second_Pass,unmatched,0,,,,,
5TH AMBULATORY CARE CTR | ALBUQUERQUE | NM | 87131,5TH AMBULATORY CARE CTR,ALBUQUERQUE,NM,87131,2,1,Census_Geocoder_Second_Pass,unmatched,0,,,,,
6 PORTLAND AVE | GEORGETOWN | CT | 06829,6 PORTLAND AVE,GEORGETOWN,CT,06829,1,1,Census_Geocoder_Second_Pass,unmatched,0,,,,,
600 MARY STREET | EVANSVILLE | IN | 47747,600 MARY STREET,EVANSVILLE,IN,47747,5,1,Census_Geocoder_Second_Pass,unmatched,0,,,,,
613 SCAIFE HALL | PITTSBURGH | PA | 15261,613 SCAIFE HALL,PITTSBURGH,PA,15261,1,1,Census_Geocoder_Second_Pass,unmatched,0,,,,,
62647 COLLECTION CENTER DR | CHICAGO | IL | 60693,62647 COLLECTION CENTER DR,CHICAGO,IL,60693,1,1,Census_Geocoder_Second_Pass,unmatched,0,,,,,
65 MARIO CAPECCHI DR | SALT LAKE CITY | UT | 84132,65 MARIO CAPECCHI DR,SALT LAKE CITY,UT,84132,2,1,Census_Geocoder_Second_Pass,unmatched,0,,,,,
6654 OLD TURNPIKE RD | VICKSBURG | PA | 17883,6654 OLD TURNPIKE RD,VICKSBURG,PA,17883,1,1,Census_Geocoder_Second_Pass,unmatched,0,,,,,
6825 16TH STNW | WASHINGTON | DC | 20306,6825 16TH STNW,WASHINGTON,DC,20306,1,1,Census_Geocoder_Second_Pass,unmatched,0,,,,,
6TH & BOSTON | LUBBOCK | TX | 79409,6TH & BOSTON,LUBBOCK,TX,79409,1,1,Census_Geocoder_Second_Pass,unmatched,0,,,,,
7001 HWY 614 | HURLEY | MS | 39555,7001 HWY 614,HURLEY,MS,39555,1,1,Census_Geocoder_Second_Pass,unmatched,0,,,,,
701 N IST ST | SPRINGFIELD | IL | 62781,701 N IST ST,SPRINGFIELD,IL,62781,1,1,Census_Geocoder_Second_Pass,unmatched,0,,,,,
73 REMITTANCE DR | CHICAGO | IL | 60675,73 REMITTANCE DR,CHICAGO,IL,60675,1,1,Census_Geocoder_Second_Pass,unmatched,0,,,,,
7300 N PERIMETER RD | MALMSTROM AFB | MT | 59402,7300 N PERIMETER RD,MALMSTROM AFB,MT,59402,2,1,Census_Geocoder_Second_Pass,unmatched,0,,,,,
7300 NORTH PERIMETER RD | MALMSTROM AFB | MT | 59402,7300 NORTH PERIMETER RD,MALMSTROM AFB,MT,59402,1,1,Census_Geocoder_Second_Pass,unmatched,0,,,,,
7410 DELAWARE LN | VANCOUVAR | WA | 91664,7410 DELAWARE LN,VANCOUVAR,WA,91664,1,1,Census_Geocoder_Second_Pass,unmatched,0,,,,,
75 REMITTANCE DR | CHICAGO | IL | 60675,75 REMITTANCE DR,CHICAGO,IL,60675,9,2,Census_Geocoder_Second_Pass,unmatched,0,,,,,
770 SUMNEYTOWN PIKE | WEST POINT | PA | 19486,770 SUMNEYTOWN PIKE,WEST POINT,PA,19486,1,1,Census_Geocoder_Second_Pass,unmatched,0,,,,,
7838 JAY STREET | PULTNEYVILLE | NY | 14538,7838 JAY STREET,PULTNEYVILLE,NY,14538,1,1,Census_Geocoder_Second_Pass,unmatched,0,,,,,
8031 CAMPUS DELIVERY | FORT COLLINS | CO | 80523,8031 CAMPUS DELIVERY,FORT COLLINS,CO,80523,1,1,Census_Geocoder_Second_Pass,unmatched,0,,,,,
809 LAMONT ST | MOUNTAIN HOME | TN | 37684,809 LAMONT ST,MOUNTAIN HOME,TN,37684,1,1,Census_Geocoder_Second_Pass,unmatched,0,,,,,
81 DS KEESLER AFB | BILOXI | MS | 39524,81 DS KEESLER AFB,BILOXI,MS,39524,1,1,Census_Geocoder_Second_Pass,unmatched,0,,,,,
8495 S POWER RD | QUEEN CREEK | AZ | 85242,8495 S POWER RD,QUEEN CREEK,AZ,85242,1,1,Census_Geocoder_Second_Pass,unmatched,0,,,,,
850 76TH ST SW | GRAND RAPIDS | MI | 49518,850 76TH ST SW,GRAND RAPIDS,MI,49518,1,1,Census_Geocoder_Second_Pass,unmatched,0,,,,,
854 CONCORD ROAD | CONCORDVILLE | PA | 19331,854 CONCORD ROAD,CONCORDVILLE,PA,19331,1,1,Census_Geocoder_Second_Pass,unmatched,0,,,,,
86 S COBB DR SE | MARIETTA | GA | 30063,86 S COBB DR SE,MARIETTA,GA,30063,1,1,Census_Geocoder_Second_Pass,unmatched,0,,,,,
8690 RELIABLE | CHICAGO | IL | 60686,8690 RELIABLE,CHICAGO,IL,60686,1,1,Census_Geocoder_Second_Pass,unmatched,0,,,,,
8716 EASTON ROAD | REVERE | PA | 18953,8716 EASTON ROAD,REVERE,PA,18953,1,1,Census_Geocoder_Second_Pass,unmatched,0,,,,,
8813 CHAFFEE RD | BRUNSWICK | TN | 38014,8813 CHAFFEE RD,BRUNSWICK,TN,38014,1,1,Census_Geocoder_Second_Pass,unmatched,0,,,,,
885 SW 109 AVE | MIAMI | FL | 33199,885 SW 109 AVE,MIAMI,FL,33199,1,1,Census_Geocoder_Second_Pass,unmatched,0,,,,,
885 SW 109 AVE STE 131 | MIAMI | FL | 33199,885 SW 109 AVE STE 131,MIAMI,FL,33199,1,1,Census_Geocoder_Second_Pass,unmatched,0,,,,,
8956 RELIABLE PARKWAY | CHICAGO | IL | 60686,8956 RELIABLE PARKWAY,CHICAGO,IL,60686,1,1,Census_Geocoder_Second_Pass,unmatched,0,,,,,
9 ASBURY ROAD | ENKA | NC | 28728,9 ASBURY ROAD,ENKA,NC,28728,1,1,Census_Geocoder_Second_Pass,unmatched,0,,,,,
9 LA CRUE AVE | CONCORDVILLE | PA | 19331,9 LA CRUE AVE,CONCORDVILLE,PA,19331,1,1,Census_Geocoder_Second_Pass,unmatched,0,,,,,
900 S VETERANS DR | TACOMA | WA | 98493,900 S VETERANS DR,TACOMA,WA,98493,1,1,Census_Geocoder_Second_Pass,unmatched,0,,,,,
9040 A REID ST | TACOMA | WA | 98431,9040 A REID ST,TACOMA,WA,98431,1,1,Census_Geocoder_Second_Pass,unmatched,0,,,,,
9040 A REID STREET | TACOMA | WA | 98431,9040 A REID STREET,TACOMA,WA,98431,1,1,Census_Geocoder_Second_Pass,unmatched,0,,,,,
9040 READ ST | TACOMA | WA | 98431,9040 READ ST,TACOMA,WA,98431,1,1,Census_Geocoder_Second_Pass,unmatched,0,,,,,
9040 REID ST | JOINT BASE LEWIS MCCHORD | WA | 98431,9040 REID ST,JOINT BASE LEWIS MCCHORD,WA,98431,1,1,Census_Geocoder_Second_Pass,unmatched,0,,,,,
9040 REID ST | TACOMA | WA | 98431,9040 REID ST,TACOMA,WA,98431,2,2,Census_Geocoder_Second_Pass,unmatched,0,,,,,
9040 REID ST # A | JOINT BASE LEWIS MCCHORD | WA | 98431,9040 REID ST # A,JOINT BASE LEWIS MCCHORD,WA,98431,1,1,Census_Geocoder_Second_Pass,unmatched,0,,,,,
9040A FITZSIMMON AVE | TACOMA | WA | 98431,9040A FITZSIMMON AVE,TACOMA,WA,98431,1,1,Census_Geocoder_Second_Pass,unmatched,0,,,,,
9040A REID STREET | TACOMA | WA | 98431,9040A REID STREET,TACOMA,WA,98431,1,1,Census_Geocoder_Second_Pass,unmatched,0,,,,,
914 CHARLES MORRIS CT SE | WASHINGTON NAVY YARD | DC | 20398,914 CHARLES MORRIS CT SE,WASHINGTON NAVY YARD,DC,20398,1,1,Census_Geocoder_Second_Pass,unmatched,0,,,,,
981080 NEBRASKA MEDICAL CTR | OMAHA | NE | 68198,981080 NEBRASKA MEDICAL CTR,OMAHA,NE,68198,1,1,Census_Geocoder_Second_Pass,unmatched,0,,,,,
981090 NEBRASKA MEDICAL CTR | OMAHA | NE | 68198,981090 NEBRASKA MEDICAL CTR,OMAHA,NE,68198,1,1,Census_Geocoder_Second_Pass,unmatched,0,,,,,
985300 NEBRASKA MEDICAL CTR | OMAHA | NE | 68198,985300 NEBRASKA MEDICAL CTR,OMAHA,NE,68198,1,1,Census_Geocoder_Second_Pass,unmatched,0,,,,,
985440 NEBRASKA MEDICAL CTR | OMAHA | NE | 68198,985440 NEBRASKA MEDICAL CTR,OMAHA,NE,68198,1,1,Census_Geocoder_Second_Pass,unmatched,0,,,,,
987400 NEBRASKA MEDICAL CTR | OMAHA | NE | 68198,987400 NEBRASKA MEDICAL CTR,OMAHA,NE,68198,3,1,Census_Geocoder_Second_Pass,unmatched,0,,,,,
988095 NEBRASKA MEDICAL CTR | OMAHA | NE | 68198,988095 NEBRASKA MEDICAL CTR,OMAHA,NE,68198,6,1,Census_Geocoder_Second_Pass,unmatched,0,,,,,
988102 NEBRASKA MEDICAL CTR | OMAHA | NE | 68198,988102 NEBRASKA MEDICAL CTR,OMAHA,NE,68198,45,1,Census_Geocoder_Second_Pass,unmatched,0,,,,,
989200 NEBRASKA MEDICAL CTR | OMAHA | NE | 68198,989200 NEBRASKA MEDICAL CTR,OMAHA,NE,68198,1,1,Census_Geocoder_Second_Pass,unmatched,0,,,,,
9931-B WEST HAYES | TACOMA | WA | 98431,9931-B WEST HAYES,TACOMA,WA,98431,1,1,Census_Geocoder_Second_Pass,unmatched,0,,,,,
AFIP BLDG 54 RM G117 DEPT VETERINARY PATHOLOGY | WASHINGTON | DC | 20306,AFIP BLDG 54 RM G117 DEPT VETERINARY PATHOLOGY,WASHINGTON,DC,20306,1,1,Census_Geocoder_Second_Pass,unmatched,0,,,,,
AIRMENS CLINIC | TACOMA | WA | 98431,AIRMENS CLINIC,TACOMA,WA,98431,1,1,Census_Geocoder_Second_Pass,unmatched,0,,,,,
ANNA MARSH LANE | BRATTLEBORO | VT | 05302,ANNA MARSH LANE,BRATTLEBORO,VT,05302,3,1,Census_Geocoder_Second_Pass,unmatched,0,,,,,
ARMED FORCES INST OF PATHOLOGY | WASHINGTON | DC | 20306,ARMED FORCES INST OF PATHOLOGY,WASHINGTON,DC,20306,1,1,Census_Geocoder_Second_Pass,unmatched,0,,,,,
ARMED FORCES INSTITUTE OF PATHOLOGY | WASHINGTON | DC | 20306,ARMED FORCES INSTITUTE OF PATHOLOGY,WASHINGTON,DC,20306,1,1,Census_Geocoder_Second_Pass,unmatched,0,,,,,
BACK OF THE YARDS MENTAL HEALTH CENTER | CHICAGO | IL | 40609,BACK OF THE YARDS MENTAL HEALTH CENTER,CHICAGO,IL,40609,1,1,Census_Geocoder_Second_Pass,unmatched,0,,,,,
BLDG 9900 2ND FLOOR | TACOMA | WA | 98431,BLDG 9900 2ND FLOOR,TACOMA,WA,98431,9,2,Census_Geocoder_Second_Pass,unmatched,0,,,,,
BLDG 9921A EAST JOHNSON ST | TACOMA | WA | 98431,BLDG 9921A EAST JOHNSON ST,TACOMA,WA,98431,1,1,Census_Geocoder_Second_Pass,unmatched,0,,,,,
BLDG N46 CAPE SARICHEF | KODIAK | AK | 99619,BLDG N46 CAPE SARICHEF,KODIAK,AK,99619,17,1,Census_Geocoder_Second_Pass,unmatched,0,,,,,
BLDG N46 US COAST GUARD BASE | KODIAK | AK | 99619,BLDG N46 US COAST GUARD BASE,KODIAK,AK,99619,1,1,Census_Geocoder_Second_Pass,unmatched,0,,,,,
BLUE EARTH COUNTY GOVERNMENT CENTER | MANKATO | MN | 56002,BLUE EARTH COUNTY GOVERNMENT CENTER,MANKATO,MN,56002,1,1,Census_Geocoder_Second_Pass,unmatched,0,,,,,
BUILDING 0221 | CEDAR FALLS | IA | 50614,BUILDING 0221,CEDAR FALLS,IA,50614,3,1,Census_Geocoder_Second_Pass,unmatched,0,,,,,
BUILDING 110 SOUTH RODMAN AVENUE | ROCK ISLAND ARSENAL | IL | 61299,BUILDING 110 SOUTH RODMAN AVENUE,ROCK ISLAND ARSENAL,IL,61299,1,1,Census_Geocoder_Second_Pass,unmatched,0,,,,,
BUILDING 52 | MOUNTAIN HOME | TN | 37684,BUILDING 52,MOUNTAIN HOME,TN,37684,1,1,Census_Geocoder_Second_Pass,unmatched,0,,,,,
BUILDING N46 CAPE SARICHEF | KODIAK | AK | 99619,BUILDING N46 CAPE SARICHEF,KODIAK,AK,99619,1,1,Census_Geocoder_Second_Pass,unmatched,0,,,,,
BUILDING N46 CAPE SCHARIFF | KODIAK | AK | 99619,BUILDING N46 CAPE SCHARIFF,KODIAK,AK,99619,1,1,Census_Geocoder_Second_Pass,unmatched,0,,,,,
CAPE SARICHEF | KODIAK | AK | 99619,CAPE SARICHEF,KODIAK,AK,99619,4,1,Census_Geocoder_Second_Pass,unmatched,0,,,,,
CENTER FOR SPINE HEALTH | CLEVELAND | OH | 44195,CENTER FOR SPINE HEALTH,CLEVELAND,OH,44195,1,1,Census_Geocoder_Second_Pass,unmatched,0,,,,,
CLEVELAND CLINIC | CLEVELAND | OH | 44195,CLEVELAND CLINIC,CLEVELAND,OH,44195,4,4,Census_Geocoder_Second_Pass,unmatched,0,,,,,
CLEVELAND CLINIC DEPT OF COLORECTAL SURGERY | CLEVELAND | OH | 44195,CLEVELAND CLINIC DEPT OF COLORECTAL SURGERY,CLEVELAND,OH,44195,1,1,Census_Geocoder_Second_Pass,unmatched,0,,,,,
CLEVELAND CLINIC FOUNDATION | CLEVELAND | OH | 44195,CLEVELAND CLINIC FOUNDATION,CLEVELAND,OH,44195,1,1,Census_Geocoder_Second_Pass,unmatched,0,,,,,
CLEVELAND CLINIC FOUNDATION EUCLID AVENUE PHARMACY | CLEVELAND | OH | 44195,CLEVELAND CLINIC FOUNDATION EUCLID AVENUE PHARMACY,CLEVELAND,OH,44195,1,1,Census_Geocoder_Second_Pass,unmatched,0,,,,,
CMR 402 | APO AE | NY | 09180,CMR 402,APO AE,NY,09180,2,1,Census_Geocoder_Second_Pass,unmatched,0,,,,,
CMR 415 | APO | NY | 09114,CMR 415,APO,NY,09114,1,1,Census_Geocoder_Second_Pass,unmatched,0,,,,,
CMR 442 | APO AE | NY | 09042,CMR 442,APO AE,NY,09042,6,1,Census_Geocoder_Second_Pass,unmatched,0,,,,,
CMR431 | DARMSTADT | CA | 09175,CMR431,DARMSTADT,CA,09175,1,1,Census_Geocoder_Second_Pass,unmatched,0,,,,,
COLLEGE OF NURSING MSC O9 5350 | ALBUQUERQUE | NM | 87131,COLLEGE OF NURSING MSC O9 5350,ALBUQUERQUE,NM,87131,1,1,Census_Geocoder_Second_Pass,unmatched,0,,,,,
COLORADO STATE UNIVERSITY | FORT COLLINS | CO | 80523,COLORADO STATE UNIVERSITY,FORT COLLINS,CO,80523,1,1,Census_Geocoder_Second_Pass,unmatched,0,,,,,
COLORADO STATE UNIVERSITY - HARTSHORN HEALTH SERVI | FORT COLLINS | CO | 80523,COLORADO STATE UNIVERSITY - HARTSHORN HEALTH SERVI,FORT COLLINS,CO,80523,1,1,Census_Geocoder_Second_Pass,unmatched,0,,,,,
COLORADO STATE UNIVERSITY HARTSHORN HEALTH SERVICE | FORT COLLINS | CO | 80523,COLORADO STATE UNIVERSITY HARTSHORN HEALTH SERVICE,FORT COLLINS,CO,80523,1,1,Census_Geocoder_Second_Pass,unmatched,0,,,,,
CORNER OF LAMONT AND VETERAN'S WAY | MOUNTAIN HOME | TN | 37684,CORNER OF LAMONT AND VETERAN'S WAY,MOUNTAIN HOME,TN,37684,1,1,Census_Geocoder_Second_Pass,unmatched,0,,,,,
CORNER OF SIDNEY AND LAMONT | (JOHNSON CITY) MOUNTAIN HOME | TN | 37684,CORNER OF SIDNEY AND LAMONT,(JOHNSON CITY) MOUNTAIN HOME,TN,37684,1,1,Census_Geocoder_Second_Pass,unmatched,0,,,,,
CORNER OF SYDNEY AND LAMONT | JOHNSON CITY | TN | 37684,CORNER OF SYDNEY AND LAMONT,JOHNSON CITY,TN,37684,1,1,Census_Geocoder_Second_Pass,unmatched,0,,,,,
CORNER OF SYDNEY AND LAMONT ST | MOUNTAIN HOME | TN | 37684,CORNER OF SYDNEY AND LAMONT ST,MOUNTAIN HOME,TN,37684,1,1,Census_Geocoder_Second_Pass,unmatched,0,,,,,
DENTAC BAVARIA CMR 411 | APO | NY | 09112,DENTAC BAVARIA CMR 411,APO,NY,09112,1,1,Census_Geocoder_Second_Pass,unmatched,0,,,,,
DEPARTMENT OF DENTISTRY WFUSM | WINSTON-SALEM | NC | 27157,DEPARTMENT OF DENTISTRY WFUSM,WINSTON-SALEM,NC,27157,1,1,Census_Geocoder_Second_Pass,unmatched,0,,,,,
DEPARTMENT OF NEUROLOGICAL SURGERY M780 | SAN FRANCISCO | CA | 94143,DEPARTMENT OF NEUROLOGICAL SURGERY M780,SAN FRANCISCO,CA,94143,1,1,Census_Geocoder_Second_Pass,unmatched,0,,,,,
DEPARTMENT OF PEDIATRICS | TACOMA | WA | 98431,DEPARTMENT OF PEDIATRICS,TACOMA,WA,98431,1,1,Census_Geocoder_Second_Pass,unmatched,0,,,,,
DEPARTMENT OF PHARMACY QQB5 | CLEVELAND | OH | 44195,DEPARTMENT OF PHARMACY QQB5,CLEVELAND,OH,44195,1,1,Census_Geocoder_Second_Pass,unmatched,0,,,,,
DEPARTMENT OF PHARMACY SERVICES | SALT LAKE CITY | UT | 84132,DEPARTMENT OF PHARMACY SERVICES,SALT LAKE CITY,UT,84132,1,1,Census_Geocoder_Second_Pass,unmatched,0,,,,,
DEPARTMENT OF PSYCHIATRY AND BEHAVIORAL SCIENCES | ALBUQUERQUE | NM | 87131,DEPARTMENT OF PSYCHIATRY AND BEHAVIORAL SCIENCES,ALBUQUERQUE,NM,87131,1,1,Census_Geocoder_Second_Pass,unmatched,0,,,,,
DEPARTMENT OF SURGERY; SCHOOL OF MEDICINE | LOUISVILLE | KY | 40292,DEPARTMENT OF SURGERY; SCHOOL OF MEDICINE,LOUISVILLE,KY,40292,1,1,Census_Geocoder_Second_Pass,unmatched,0,,,,,
DEPARTMENT PHARMACY SERVICES A050 | SALT LAKE CITY | UT | 84132,DEPARTMENT PHARMACY SERVICES A050,SALT LAKE CITY,UT,84132,1,1,Census_Geocoder_Second_Pass,unmatched,0,,,,,
DEPT #0861 | DENVER | CO | 80256,DEPT #0861,DENVER,CO,80256,4,1,Census_Geocoder_Second_Pass,unmatched,0,,,,,
DEPT 6029 | WASHINGTON | DC | 20042,DEPT 6029,WASHINGTON,DC,20042,1,1,Census_Geocoder_Second_Pass,unmatched,0,,,,,
DEPT OF EMERGENCY MEDICINE | WINSTON SALEM | NC | 27157,DEPT OF EMERGENCY MEDICINE,WINSTON SALEM,NC,27157,1,1,Census_Geocoder_Second_Pass,unmatched,0,,,,,
DEPT OF INTERNAL MEDICINE | PEORIA | IL | 61637,DEPT OF INTERNAL MEDICINE,PEORIA,IL,61637,1,1,Census_Geocoder_Second_Pass,unmatched,0,,,,,
DILORENZO PENTAGON HEALTH CLINIC 5801 DEFENSE PENTAGON | WASHINGTON | DC | 20310,DILORENZO PENTAGON HEALTH CLINIC 5801 DEFENSE PENTAGON,WASHINGTON,DC,20310,1,1,Census_Geocoder_Second_Pass,unmatched,0,,,,,
DILORENZO TRICARE HEALTH CLINIC | WASHINGTON | DC | 20310,DILORENZO TRICARE HEALTH CLINIC,WASHINGTON,DC,20310,1,1,Census_Geocoder_Second_Pass,unmatched,0,,,,,
DIV OF PSYCH PRODUCTS FDA HFD 130 BLDG 22 RM 4235 | SILVER SPRING | MD | 20993,DIV OF PSYCH PRODUCTS FDA HFD 130 BLDG 22 RM 4235,SILVER SPRING,MD,20993,1,1,Census_Geocoder_Second_Pass,unmatched,0,,,,,
DIVISION OF PULMONARY & | FARMINGTON | CT | 06030,DIVISION OF PULMONARY &,FARMINGTON,CT,06030,1,1,Census_Geocoder_Second_Pass,unmatched,0,,,,,
DUMC - DEPARTMENT OF ANESTHESIOLOGY | DURHAM | NC | 27710,DUMC - DEPARTMENT OF ANESTHESIOLOGY,DURHAM,NC,27710,1,1,Census_Geocoder_Second_Pass,unmatched,0,,,,,
DUMC 3022 | DURHAM | NC | 27710,DUMC 3022,DURHAM,NC,27710,1,1,Census_Geocoder_Second_Pass,unmatched,0,,,,,
DUMC 3174 | DURHAM | NC | 27710,DUMC 3174,DURHAM,NC,27710,1,1,Census_Geocoder_Second_Pass,unmatched,0,,,,,
DUMC 3662 | DURHAM | NC | 27710,DUMC 3662,DURHAM,NC,27710,1,1,Census_Geocoder_Second_Pass,unmatched,0,,,,,
EASTWAY DR | KENT | OH | 44242,EASTWAY DR,KENT,OH,44242,3,1,Census_Geocoder_Second_Pass,unmatched,0,,,,,
ELI LILLY AND COMPANY | INDIANAPOLIS | IN | 46285,ELI LILLY AND COMPANY,INDIANAPOLIS,IN,46285,2,2,Census_Geocoder_Second_Pass,unmatched,0,,,,,
EMILE 42ND ST | OMAHA | NE | 68198,EMILE 42ND ST,OMAHA,NE,68198,1,1,Census_Geocoder_Second_Pass,unmatched,0,,,,,
ERWIN RD | DURHAM | NC | 27710,ERWIN RD,DURHAM,NC,27710,3,1,Census_Geocoder_Second_Pass,unmatched,0,,,,,
ERWIN ROAD | DURHAM | NC | 27710,ERWIN ROAD,DURHAM,NC,27710,2,1,Census_Geocoder_Second_Pass,unmatched,0,,,,,
EXIT ONE PARK | BRATTLEBORO | VT | 05302,EXIT ONE PARK,BRATTLEBORO,VT,05302,1,1,Census_Geocoder_Second_Pass,unmatched,0,,,,,
FIRST STREET | MOUNTAIN HOME | TN | 37684,FIRST STREET,MOUNTAIN HOME,TN,37684,1,1,Census_Geocoder_Second_Pass,unmatched,0,,,,,
FITZSIMMONS BLVD | TACOMA | WA | 98431,FITZSIMMONS BLVD,TACOMA,WA,98431,1,1,Census_Geocoder_Second_Pass,unmatched,0,,,,,
FIU COLLEGE OF MEDICINE | MIAMI | FL | 33199,FIU COLLEGE OF MEDICINE,MIAMI,FL,33199,1,1,Census_Geocoder_Second_Pass,unmatched,0,,,,,
GENERAL ELECTRIC APPLIANCE PARK | LOUISVILLE | KY | 40225,GENERAL ELECTRIC APPLIANCE PARK,LOUISVILLE,KY,40225,1,1,Census_Geocoder_Second_Pass,unmatched,0,,,,,
GEORGE E WAHLEN DEPARTMENT OF VAMC | SALT LAKE CITY | UT | 84148,GEORGE E WAHLEN DEPARTMENT OF VAMC,SALT LAKE CITY,UT,84148,1,1,Census_Geocoder_Second_Pass,unmatched,0,,,,,
GOVE SHC PHARMACY UNCG | GREENSBORO | NC | 27402,GOVE SHC PHARMACY UNCG,GREENSBORO,NC,27402,1,1,Census_Geocoder_Second_Pass,unmatched,0,,,,,
GRAY DR | GREENSBORO | NC | 27402,GRAY DR,GREENSBORO,NC,27402,1,1,Census_Geocoder_Second_Pass,unmatched,0,,,,,
HIP HEALTH PLAN OF NEW YORK | NEW YORK | NY | 10041,HIP HEALTH PLAN OF NEW YORK,NEW YORK,NY,10041,1,1,Census_Geocoder_Second_Pass,unmatched,0,,,,,
HOWARD UNIVERSITY | WASHINGTON | DC | 20060,HOWARD UNIVERSITY,WASHINGTON,DC,20060,1,1,Census_Geocoder_Second_Pass,unmatched,0,,,,,
HUDSON VALLEY VAMC ROUTE 9D | CASTLE POINT | NY | 12511,HUDSON VALLEY VAMC ROUTE 9D,CASTLE POINT,NY,12511,1,1,Census_Geocoder_Second_Pass,unmatched,0,,,,,
HUNTER HOLMES MCGUIRE VA MEDICAL CTR | RICHMOND | VA | 23249,HUNTER HOLMES MCGUIRE VA MEDICAL CTR,RICHMOND,VA,23249,1,1,Census_Geocoder_Second_Pass,unmatched,0,,,,,
IU HEALTH PHYSICIANS BUILDING | MOORESVILLE | IN | 46258,IU HEALTH PHYSICIANS BUILDING,MOORESVILLE,IN,46258,1,1,Census_Geocoder_Second_Pass,unmatched,0,,,,,
JAMES H QUILLEN VA MED CENTER SIDNEY STREET | JOHNSON CITY | TN | 37684,JAMES H QUILLEN VA MED CENTER SIDNEY STREET,JOHNSON CITY,TN,37684,1,1,Census_Geocoder_Second_Pass,unmatched,0,,,,,
JAMES H QUILLEN VAMC | MOUNTAIN HOME | TN | 37684,JAMES H QUILLEN VAMC,MOUNTAIN HOME,TN,37684,2,2,Census_Geocoder_Second_Pass,unmatched,0,,,,,
JAMES H QUILLEN/VAMC | JOHNSON CITY | TN | 37684,JAMES H QUILLEN/VAMC,JOHNSON CITY,TN,37684,1,1,Census_Geocoder_Second_Pass,unmatched,0,,,,,
JAMES H QUILLIN VAMC (621-119) | MT HOME | TN | 37684,JAMES H QUILLIN VAMC (621-119),MT HOME,TN,37684,1,1,Census_Geocoder_Second_Pass,unmatched,0,,,,,
KLARAS CHILDREN'S CENTER ECI | WACO | TX | 76703,KLARAS CHILDREN'S CENTER ECI,WACO,TX,76703,1,1,Census_Geocoder_Second_Pass,unmatched,0,,,,,
LAHEY CLINIC | BURLINGTON | MA | 01805,LAHEY CLINIC,BURLINGTON,MA,01805,9,2,Census_Geocoder_Second_Pass,unmatched,0,,,,,
LAHEY CLINIC INC | BURLINGTON | MA | 01805,LAHEY CLINIC INC,BURLINGTON,MA,01805,1,1,Census_Geocoder_Second_Pass,unmatched,0,,,,,
LAHEY CLINIC MEDICAL CTR | BURLINGTON | MA | 01805,LAHEY CLINIC MEDICAL CTR,BURLINGTON,MA,01805,1,1,Census_Geocoder_Second_Pass,unmatched,0,,,,,
LAMONT & SIDNEY STS | MOUNTAIN HOME | TN | 37684,LAMONT & SIDNEY STS,MOUNTAIN HOME,TN,37684,1,1,Census_Geocoder_Second_Pass,unmatched,0,,,,,
MADIGAN HEALTHCARE SYSTEM | TACOMA | WA | 98431,MADIGAN HEALTHCARE SYSTEM,TACOMA,WA,98431,2,2,Census_Geocoder_Second_Pass,unmatched,0,,,,,
MARQUETTE CLINIC FOR WOMEN AND CHILDREN | MILWAUKEE | WI | 53201,MARQUETTE CLINIC FOR WOMEN AND CHILDREN,MILWAUKEE,WI,53201,1,1,Census_Geocoder_Second_Pass,unmatched,0,,,,,
MASON EYE INSTITUTE UNIVERSITY OF MISSOURI | COLUMBIA | MO | 65212,MASON EYE INSTITUTE UNIVERSITY OF MISSOURI,COLUMBIA,MO,65212,1,1,Census_Geocoder_Second_Pass,unmatched,0,,,,,
MCGUIRE VAMC | RICHMOND | VA | 23249,MCGUIRE VAMC,RICHMOND,VA,23249,2,2,Census_Geocoder_Second_Pass,unmatched,0,,,,,
MEDCENTER ONE PHARMACY | BISMARCK | ND | 58506,MEDCENTER ONE PHARMACY,BISMARCK,ND,58506,1,1,Census_Geocoder_Second_Pass,unmatched,0,,,,,
MEMORIAL MEDICAL CTR | SPRINGFIELD | IL | 62781,MEMORIAL MEDICAL CTR,SPRINGFIELD,IL,62781,1,1,Census_Geocoder_Second_Pass,unmatched,0,,,,,
MG886A4 DTHC CORRIDOR # 8 | WASHINGTON | DC | 20310,MG886A4 DTHC CORRIDOR # 8,WASHINGTON,DC,20310,1,1,Census_Geocoder_Second_Pass,unmatched,0,,,,,
MOUNTAIN HOME V A | MOUNTAIN HOME | TN | 37684,MOUNTAIN HOME V A,MOUNTAIN HOME,TN,37684,1,1,Census_Geocoder_Second_Pass,unmatched,0,,,,,
MSC09 5350 | ALBUQUERQUE | NM | 87131,MSC09 5350,ALBUQUERQUE,NM,87131,1,1,Census_Geocoder_Second_Pass,unmatched,0,,,,,
N2198 UNC HOSPITALS CB 7010 | CHAPEL HILL | NC | 27699,N2198 UNC HOSPITALS CB 7010,CHAPEL HILL,NC,27699,1,1,Census_Geocoder_Second_Pass,unmatched,0,,,,,
NAVY SUICIDE PREVENTION OPNAV N171 | MILLINGTON | TN | 38055,NAVY SUICIDE PREVENTION OPNAV N171,MILLINGTON,TN,38055,1,1,Census_Geocoder_Second_Pass,unmatched,0,,,,,
NHRC CODE 25 | SAN DIEGO | CA | 92186,NHRC CODE 25,SAN DIEGO,CA,92186,1,1,Census_Geocoder_Second_Pass,unmatched,0,,,,,
NMRTU IWAKUNI | FPO | CA | 96310,NMRTU IWAKUNI,FPO,CA,96310,1,1,Census_Geocoder_Second_Pass,unmatched,0,,,,,
NUCLEAR MEDICINE | NEWARK | DE | 19718,NUCLEAR MEDICINE,NEWARK,DE,19718,1,1,Census_Geocoder_Second_Pass,unmatched,0,,,,,
OF PATHOLOGY AND LABORATORY MEDICINE | MEMPHIS | TN | 38163,OF PATHOLOGY AND LABORATORY MEDICINE,MEMPHIS,TN,38163,1,1,Census_Geocoder_Second_Pass,unmatched,0,,,,,
ON LOK SENIOR HEALTH - INSTITUTE ON AGING | SAN FRANCISCO | CA | 94155,ON LOK SENIOR HEALTH - INSTITUTE ON AGING,SAN FRANCISCO,CA,94155,1,1,Census_Geocoder_Second_Pass,unmatched,0,,,,,
ONE AYERS CIRCLE | PORTSMOUTH | NH | 03804,ONE AYERS CIRCLE,PORTSMOUTH,NH,03804,2,2,Census_Geocoder_Second_Pass,unmatched,0,,,,,
ONE AYERS CIRCLE BLDG H1 | PORTSMOUTH | NH | 03804,ONE AYERS CIRCLE BLDG H1,PORTSMOUTH,NH,03804,1,1,Census_Geocoder_Second_Pass,unmatched,0,,,,,
PEDIATRIC EXTENDED CARE CLINIC | TACOMA | WA | 98431,PEDIATRIC EXTENDED CARE CLINIC,TACOMA,WA,98431,1,1,Census_Geocoder_Second_Pass,unmatched,0,,,,,
PEDIATRIX MEDICAL GROUP | FT LAUDERDALE | FL | 33318,PEDIATRIX MEDICAL GROUP,FT LAUDERDALE,FL,33318,1,1,Census_Geocoder_Second_Pass,unmatched,0,,,,,
PENTAGON | ARLINGTON | VA | 20330,PENTAGON,ARLINGTON,VA,20330,1,1,Census_Geocoder_Second_Pass,unmatched,0,,,,,
PENTAGON TRI-SERVICE DENTAL CLINIC | WASHINGTON | DC | 20310,PENTAGON TRI-SERVICE DENTAL CLINIC,WASHINGTON,DC,20310,1,1,Census_Geocoder_Second_Pass,unmatched,0,,,,,
PICATINNY OCCUPATIONAL HEALTH CLINIC | PICATINNY ARSENAL | NJ | 07806,PICATINNY OCCUPATIONAL HEALTH CLINIC,PICATINNY ARSENAL,NJ,07806,1,1,Census_Geocoder_Second_Pass,unmatched,0,,,,,
PMRS 117 | MOUNTAIN HOME | TN | 37684,PMRS 117,MOUNTAIN HOME,TN,37684,1,1,Census_Geocoder_Second_Pass,unmatched,0,,,,,
POK C KIMMD | CASTLE POINT | NE | 12511,POK C KIMMD,CASTLE POINT,NE,12511,1,1,Census_Geocoder_Second_Pass,unmatched,0,,,,,
PRO HEALTH PARTNERS | OXFORD | CT | 06487,PRO HEALTH PARTNERS,OXFORD,CT,06487,1,1,Census_Geocoder_Second_Pass,unmatched,0,,,,,
PSHCS AMERICAN LAKE DIVISION | TACOMA | WA | 98493,PSHCS AMERICAN LAKE DIVISION,TACOMA,WA,98493,1,1,Census_Geocoder_Second_Pass,unmatched,0,,,,,
PSHCS DENT A-112 | TACOMA | WA | 98493,PSHCS DENT A-112,TACOMA,WA,98493,1,1,Census_Geocoder_Second_Pass,unmatched,0,,,,,
PUGET SOUND HEALTHCARE SYSTEM- ALVA | TACOMA | WA | 98493,PUGET SOUND HEALTHCARE SYSTEM- ALVA,TACOMA,WA,98493,1,1,Census_Geocoder_Second_Pass,unmatched,0,,,,,
REC CENTER PHYSICAL THERAPY | CEDAR RAPIDS | IA | 52498,REC CENTER PHYSICAL THERAPY,CEDAR RAPIDS,IA,52498,1,1,Census_Geocoder_Second_Pass,unmatched,0,,,,,
ROCK ISLAND ARSENAL | ROCK ISLAND | IL | 61299,ROCK ISLAND ARSENAL,ROCK ISLAND,IL,61299,1,1,Census_Geocoder_Second_Pass,unmatched,0,,,,,
ROUTE 12 BLDG 449 | GROTON | CT | 06349,ROUTE 12 BLDG 449,GROTON,CT,06349,3,3,Census_Geocoder_Second_Pass,unmatched,0,,,,,
SCHOOL OF DENTISTRY FACULTY PRACTICE PLAN | LOUISVILLE | KY | 40292,SCHOOL OF DENTISTRY FACULTY PRACTICE PLAN,LOUISVILLE,KY,40292,1,1,Census_Geocoder_Second_Pass,unmatched,0,,,,,
SENIOR MEDICAL OFFICER | FPO AE | NY | 09599,SENIOR MEDICAL OFFICER,FPO AE,NY,09599,1,1,Census_Geocoder_Second_Pass,unmatched,0,,,,,
SHCC 1 FLETCHER DRIVE | GAINESVILLE | FL | 32611,SHCC 1 FLETCHER DRIVE,GAINESVILLE,FL,32611,1,1,Census_Geocoder_Second_Pass,unmatched,0,,,,,
SHCC UNIVERSITY OF FLORIDA CAMPUS | GAINESVILLE | FL | 32611,SHCC UNIVERSITY OF FLORIDA CAMPUS,GAINESVILLE,FL,32611,1,1,Census_Geocoder_Second_Pass,unmatched,0,,,,,
SIDNEY & LAMONT STREETS | JOHNSON CITY | TN | 37684,SIDNEY & LAMONT STREETS,JOHNSON CITY,TN,37684,1,1,Census_Geocoder_Second_Pass,unmatched,0,,,,,
SIDNEY AND LAMONT STREET | MOUNTAIN HOME | TN | 37684,SIDNEY AND LAMONT STREET,MOUNTAIN HOME,TN,37684,1,1,Census_Geocoder_Second_Pass,unmatched,0,,,,,
SIDNEY/LAMONT ST | MOUNTAIN HOME | TN | 37684,SIDNEY/LAMONT ST,MOUNTAIN HOME,TN,37684,1,1,Census_Geocoder_Second_Pass,unmatched,0,,,,,
SOCPAC SOJ07 | CAMP H M SMITH | HI | 96861,SOCPAC SOJ07,CAMP H M SMITH,HI,96861,1,1,Census_Geocoder_Second_Pass,unmatched,0,,,,,
SOUTHWIRE FAMILY MEDICAL CTR | CARROLLTON | GA | 30119,SOUTHWIRE FAMILY MEDICAL CTR,CARROLLTON,GA,30119,1,1,Census_Geocoder_Second_Pass,unmatched,0,,,,,
STUDENT HEALTH APPALACHIAN STATE UNIVERSITY | BOONE | NC | 28608,STUDENT HEALTH APPALACHIAN STATE UNIVERSITY,BOONE,NC,28608,1,1,Census_Geocoder_Second_Pass,unmatched,0,,,,,
STUDENT HEALTH CARE CENTER 1 FLETCHER DRIVE | GAINESVILLE | FL | 32611,STUDENT HEALTH CARE CENTER 1 FLETCHER DRIVE,GAINESVILLE,FL,32611,1,1,Census_Geocoder_Second_Pass,unmatched,0,,,,,
TEXAS TECH SCHOOL OF PHARMACY | LUBBOCK | TX | 79430,TEXAS TECH SCHOOL OF PHARMACY,LUBBOCK,TX,79430,1,1,Census_Geocoder_Second_Pass,unmatched,0,,,,,
THE CLEVELAND CLINIC | CLEVELAND | OH | 44195,THE CLEVELAND CLINIC,CLEVELAND,OH,44195,1,1,Census_Geocoder_Second_Pass,unmatched,0,,,,,
THE PENTAGON CORRIDOR 8 | WASHINGTON | DC | 20310,THE PENTAGON CORRIDOR 8,WASHINGTON,DC,20310,1,1,Census_Geocoder_Second_Pass,unmatched,0,,,,,
TROUT AVE BLDG 141 | GROTON | CT | 06349,TROUT AVE BLDG 141,GROTON,CT,06349,1,1,Census_Geocoder_Second_Pass,unmatched,0,,,,,
TTUHSC DEPT OF PSYCHIATRY | LUBBOCK | TX | 79430,TTUHSC DEPT OF PSYCHIATRY,LUBBOCK,TX,79430,1,1,Census_Geocoder_Second_Pass,unmatched,0,,,,,
TTUHSC SCHOOL OF PHARMACY | LUBBOCK | TX | 79430,TTUHSC SCHOOL OF PHARMACY,LUBBOCK,TX,79430,1,1,Census_Geocoder_Second_Pass,unmatched,0,,,,,
UCDHSC-SON C-288-5 | DENVER | CO | 80262,UCDHSC-SON C-288-5,DENVER,CO,80262,1,1,Census_Geocoder_Second_Pass,unmatched,0,,,,,
UCHC; MARB BUILDING 263 FARMINGTON AVE | FARMINGTON | CT | 06030,UCHC; MARB BUILDING 263 FARMINGTON AVE,FARMINGTON,CT,06030,1,1,Census_Geocoder_Second_Pass,unmatched,0,,,,,
UCONN MEDICAL GROUP | FARMINGTON | CT | 06030,UCONN MEDICAL GROUP,FARMINGTON,CT,06030,7,3,Census_Geocoder_Second_Pass,unmatched,0,,,,,
UMASS MEMORIAL HEALTHCARE | WORCESTER | MA | 01655,UMASS MEMORIAL HEALTHCARE,WORCESTER,MA,01655,1,1,Census_Geocoder_Second_Pass,unmatched,0,,,,,
UNCG ANNA GOVE STUDENT HEALTH CENTER | GREENSBORO | NC | 27402,UNCG ANNA GOVE STUDENT HEALTH CENTER,GREENSBORO,NC,27402,1,1,Census_Geocoder_Second_Pass,unmatched,0,,,,,
UNIV OF CALIFORNIA SCHOOL OF PHARMACY | SAN FRANCISCO | CA | 94143,UNIV OF CALIFORNIA SCHOOL OF PHARMACY,SAN FRANCISCO,CA,94143,1,1,Census_Geocoder_Second_Pass,unmatched,0,,,,,
UNIV OF COLORADO BOULDER WARDENBURG | BOULDER | CO | 80309,UNIV OF COLORADO BOULDER WARDENBURG,BOULDER,CO,80309,1,1,Census_Geocoder_Second_Pass,unmatched,0,,,,,
UNIVERSITY DRIVE C | PITTSBURGH | PA | 15240,UNIVERSITY DRIVE C,PITTSBURGH,PA,15240,4,2,Census_Geocoder_Second_Pass,unmatched,0,,,,,
UNIVERSITY DRIVE C SUITE 132YA | PITTSBURGH | PA | 15240,UNIVERSITY DRIVE C SUITE 132YA,PITTSBURGH,PA,15240,1,1,Census_Geocoder_Second_Pass,unmatched,0,,,,,
UNIVERSITY OF CONNECTICUT HEALTH CENTER PHARMACY | FARMINGTON | CT | 06030,UNIVERSITY OF CONNECTICUT HEALTH CENTER PHARMACY,FARMINGTON,CT,06030,1,1,Census_Geocoder_Second_Pass,unmatched,0,,,,,
UNIVERSITY OF CONNECTICUT HEALTH CTR | FARMINGTON | CT | 06030,UNIVERSITY OF CONNECTICUT HEALTH CTR,FARMINGTON,CT,06030,1,1,Census_Geocoder_Second_Pass,unmatched,0,,,,,
UNIVERSITY OF ILLINOIS COLLEGE OF MEDICINE AT PEOR | PEORIA | IL | 61637,UNIVERSITY OF ILLINOIS COLLEGE OF MEDICINE AT PEOR,PEORIA,IL,61637,1,1,Census_Geocoder_Second_Pass,unmatched,0,,,,,
UNIVERSITY OF LOUISVILLE SCHOOL OF DENTISTRY | LOUISVILLE | KY | 40292,UNIVERSITY OF LOUISVILLE SCHOOL OF DENTISTRY,LOUISVILLE,KY,40292,2,1,Census_Geocoder_Second_Pass,unmatched,0,,,,,
UNIVERSITY OF OKLAHOMA COLLEGE OF PHARMACY | OKLAHOMA CITY | OK | 73190,UNIVERSITY OF OKLAHOMA COLLEGE OF PHARMACY,OKLAHOMA CITY,OK,73190,1,1,Census_Geocoder_Second_Pass,unmatched,0,,,,,
UNIVERSITY OF PITTSBURGH | PITTSBURGH | PA | 15261,UNIVERSITY OF PITTSBURGH,PITTSBURGH,PA,15261,1,1,Census_Geocoder_Second_Pass,unmatched,0,,,,,
UNIVERSITY OF PITTSBURGH SCHOOL OF PHARMACY | PITTSBURGH | PA | 15261,UNIVERSITY OF PITTSBURGH SCHOOL OF PHARMACY,PITTSBURGH,PA,15261,1,1,Census_Geocoder_Second_Pass,unmatched,0,,,,,
UNIVERSITY OF TEXAS AT ARLINGTON | ARLINGTON | TX | 76019,UNIVERSITY OF TEXAS AT ARLINGTON,ARLINGTON,TX,76019,1,1,Census_Geocoder_Second_Pass,unmatched,0,,,,,
UNIVERSITY OF TN STUDENT HEALTH SERVICES | KNOXVILLE | TN | 37996,UNIVERSITY OF TN STUDENT HEALTH SERVICES,KNOXVILLE,TN,37996,1,1,Census_Geocoder_Second_Pass,unmatched,0,,,,,
UNIVERSITY OF UTAH | SALT LAKE CITY | UT | 84132,UNIVERSITY OF UTAH,SALT LAKE CITY,UT,84132,1,1,Census_Geocoder_Second_Pass,unmatched,0,,,,,
UNIVERSITY OF UTAH DIVISION OF EMERGENCY MEDICINE | SALT LAKE CITY | UT | 84132,UNIVERSITY OF UTAH DIVISION OF EMERGENCY MEDICINE,SALT LAKE CITY,UT,84132,1,1,Census_Geocoder_Second_Pass,unmatched,0,,,,,
UNM BLDG 73 | ALBUQUERQUE | NM | 87131,UNM BLDG 73,ALBUQUERQUE,NM,87131,1,1,Census_Geocoder_Second_Pass,unmatched,0,,,,,
UNM COLLEGE OF NURSING MSC 09 5350 | ALBUQUERQUE | NM | 87131,UNM COLLEGE OF NURSING MSC 09 5350,ALBUQUERQUE,NM,87131,1,1,Census_Geocoder_Second_Pass,unmatched,0,,,,,
UNMC COLLEGE OF NURSING | OMAHA | NE | 68198,UNMC COLLEGE OF NURSING,OMAHA,NE,68198,1,1,Census_Geocoder_Second_Pass,unmatched,0,,,,,
UNMC NEUROLOGY | OMAHA | NE | 68198,UNMC NEUROLOGY,OMAHA,NE,68198,1,1,Census_Geocoder_Second_Pass,unmatched,0,,,,,
UNMHSC 1 UNIVERSITY OF NEW MEXICO | ALBUQUERQUE | NM | 87131,UNMHSC 1 UNIVERSITY OF NEW MEXICO,ALBUQUERQUE,NM,87131,1,1,Census_Geocoder_Second_Pass,unmatched,0,,,,,
UNR SPORTSMEDICINE COMPLEX | RENO | NV | 89507,UNR SPORTSMEDICINE COMPLEX,RENO,NV,89507,1,1,Census_Geocoder_Second_Pass,unmatched,0,,,,,
US COAST GUARD ISC KODIAK | KODIAK | AK | 99619,US COAST GUARD ISC KODIAK,KODIAK,AK,99619,1,1,Census_Geocoder_Second_Pass,unmatched,0,,,,,
US DEPT OF STATE | WASHINGTON | DC | 20522,US DEPT OF STATE,WASHINGTON,DC,20522,1,1,Census_Geocoder_Second_Pass,unmatched,0,,,,,
US DEPT OF STATE M/MED/QM SA-1 | WASHINGTON | DC | 20522,US DEPT OF STATE M/MED/QM SA-1,WASHINGTON,DC,20522,1,1,Census_Geocoder_Second_Pass,unmatched,0,,,,,
US DEPT OFSTATE | WASHINGTON | DC | 20522,US DEPT OFSTATE,WASHINGTON,DC,20522,2,1,Census_Geocoder_Second_Pass,unmatched,0,,,,,
USCGC TAHOMA (WMEC-908) | PORTSMOUTH | NH | 03804,USCGC TAHOMA (WMEC-908),PORTSMOUTH,NH,03804,1,1,Census_Geocoder_Second_Pass,unmatched,0,,,,,
UT HEARING AND SPEECH CENTER | KNOXVILLE | TN | 37996,UT HEARING AND SPEECH CENTER,KNOXVILLE,TN,37996,6,1,Census_Geocoder_Second_Pass,unmatched,0,,,,,
VA HUDSON VALLEY HCS PM&R/SCI SERVICES | CASTLE POINT | NY | 12511,VA HUDSON VALLEY HCS PM&R/SCI SERVICES,CASTLE POINT,NY,12511,1,1,Census_Geocoder_Second_Pass,unmatched,0,,,,,
VA LOMA LINDA HEALTHCARE SYSTEM | LOMA LINDA | CA | 92357,VA LOMA LINDA HEALTHCARE SYSTEM,LOMA LINDA,CA,92357,1,1,Census_Geocoder_Second_Pass,unmatched,0,,,,,
VA LOMA LINDA HEALTHCARE SYSTEM # 119 | LOMA LINDA | CA | 92357,VA LOMA LINDA HEALTHCARE SYSTEM # 119,LOMA LINDA,CA,92357,1,1,Census_Geocoder_Second_Pass,unmatched,0,,,,,
VA PITTSBURGH HEALTHCARE SYSTEM | PITTSBURGH | PA | 15240,VA PITTSBURGH HEALTHCARE SYSTEM,PITTSBURGH,PA,15240,2,2,Census_Geocoder_Second_Pass,unmatched,0,,,,,
VAMC BLDG 160 DOGWOOD AVE | MOUNTAIN HOME | TN | 37684,VAMC BLDG 160 DOGWOOD AVE,MOUNTAIN HOME,TN,37684,1,1,Census_Geocoder_Second_Pass,unmatched,0,,,,,
VAMHCS | BALTIMORE | MD | 21298,VAMHCS,BALTIMORE,MD,21298,1,1,Census_Geocoder_Second_Pass,unmatched,0,,,,,
VAPHS | PITTSBURGH | PA | 15240,VAPHS,PITTSBURGH,PA,15240,1,1,Census_Geocoder_Second_Pass,unmatched,0,,,,,
VAPHS UNIVERSITY DRIVE-C | PITTSBURGH | PA | 15240,VAPHS UNIVERSITY DRIVE-C,PITTSBURGH,PA,15240,1,1,Census_Geocoder_Second_Pass,unmatched,0,,,,,
VAPSHCS AMERICAN LAKE DIV 116-M | TACOMA | WA | 98493,VAPSHCS AMERICAN LAKE DIV 116-M,TACOMA,WA,98493,1,1,Census_Geocoder_Second_Pass,unmatched,0,,,,,
VETERANS ADMINISTRATION CENTER | MOUNTAIN HOME | TN | 37684,VETERANS ADMINISTRATION CENTER,MOUNTAIN HOME,TN,37684,1,1,Census_Geocoder_Second_Pass,unmatched,0,,,,,
VETERANS DR | TACOMA | WA | 98493,VETERANS DR,TACOMA,WA,98493,1,1,Census_Geocoder_Second_Pass,unmatched,0,,,,,
VICENZA HEALTH CLINIC | APO AE | NY | 09630,VICENZA HEALTH CLINIC,APO AE,NY,09630,1,1,Census_Geocoder_Second_Pass,unmatched,0,,,,,
W28550 SUSSEX RD | MERTON | WI | 53056,W28550 SUSSEX RD,MERTON,WI,53056,1,1,Census_Geocoder_Second_Pass,unmatched,0,,,,,
WAKE FOREST UNIVERSITY BAPTIST MEDICAL CTR | WINSTON SALEM | NC | 27157,WAKE FOREST UNIVERSITY BAPTIST MEDICAL CTR,WINSTON SALEM,NC,27157,1,1,Census_Geocoder_Second_Pass,unmatched,0,,,,,
WFUBMC | WINSTON SALEM | NC | 27157,WFUBMC,WINSTON SALEM,NC,27157,1,1,Census_Geocoder_Second_Pass,unmatched,0,,,,,
